{
  "train_loss": [
    0.1524901084877357,
    0.030250741611825564,
    0.023557027542602277,
    0.015879338337405294,
    0.010825747337652375,
    0.008948025595249293,
    0.1326621950878473,
    0.0093250804650482,
    0.09221896036595552,
    0.08647983461142389,
    0.030056337352224283,
    0.08344528107870183,
    0.009901308199554442,
    0.005339117819632952,
    0.027461849621512654
  ],
  "train_acc": [
    94.97032177444548,
    98.84411121524523,
    99.21899406435489,
    99.53139643861293,
    99.68759762574196,
    99.68759762574196,
    99.34395501405811,
    99.65635738831615,
    99.50015620118712,
    99.71883786316776,
    99.50015620118712,
    99.78131833801937,
    99.62511715089035,
    99.87503905029678,
    99.65635738831615
  ],
  "val_loss": [
    0.00961153287998698,
    0.0033158705958941377,
    0.00508046065499907,
    0.0038409039581233403,
    0.009104338264913971,
    0.002888530076856061,
    0.0007486270118221369,
    0.0011437965736745507,
    0.0014749580556181628,
    0.0017732457471367417,
    0.0011355624170877382,
    0.0007966551155352973,
    0.001111306699705424,
    0.0015968848449912263,
    0.0013091748439014827
  ],
  "val_acc": [
    99.68759762574196,
    99.87503905029678,
    99.81255857544517,
    99.84379881287097,
    99.78131833801937,
    99.9687597625742,
    100.0,
    99.9687597625742,
    99.9687597625742,
    99.93751952514839,
    99.93751952514839,
    100.0,
    100.0,
    99.9687597625742,
    99.9687597625742
  ]
}